[TOC]
# 数据库

#### 一、数据库概念

数据库：存储数据的仓库 

数据库类型：层次式数据库, 网络式数据库, 关系型数据库

![](https://note.youdao.com/yws/api/personal/file/3FE80044E3484AAAB0A1462A688C63D5?method=download&shareKey=8672b6919f5aae49fa39101ac072a89e)

database：指的是数据库的应用实例（不同的项目创建不同的实例进行操作）

#### 二、关系型数据库

使用关系模型来存储的数据的数据库叫做关系型数据库。

##### 常见数据库

​       商业数据库

​        	Oracle（体积是十分的庞大的，安装包几个G）

​         	SQLServer

​        	DB2

​       	Sybase

​      开源数据库

​      	MySQL（现在是中小型企业在生产上会使用mysql，因为数据量相对较少）

​     	SQLLite

![](https://note.youdao.com/yws/api/personal/file/CD003B5554FE40139642A0FC5BFC13C6?method=download&shareKey=430e4c67b2eca7ff00492dca26da5fa4)

![](https://note.youdao.com/yws/api/personal/file/D7334A22B83A48ABB1750F97FCFA9223?method=download&shareKey=bbc98221dcb5ea223b60b1992ea96c8b)

#### 三、数据库的命令

##### 1.登录mysql的命令

- 方式一：搜索MySQL的窗口，然后直接点击密码
- 方式二：打开cmd命令提示符，然后输入命令
  -   mysql -u（权限） root -p（密码）(前提：需要在安装时配置环境变量path)
  - Enter password: 123456

##### 2.查询当前My SQL 数据库中有多少应用实例？

- show  databases;(注意有分号)

  ```
  +--------------------+
  | Database           |
  +--------------------+
  | information_schema |
  | mysql              |
  | performance_schema |
  | test               |
  +--------------------+
  4 rows in set (0.06 sec)
  ```

##### 3.使用test数据库

- use test;
- Database changed表示使用成功

##### 4.查看当前的数据库是什么？

- select database();

- 标记输出：

  ```
  +------------+
  | database() |
  +------------+
  | test       |
  +------------+
  1 row in set (0.00 sec)
  ```

##### 5.退出命令

- CTRL+c键盘组合按键
- exit;
- quit;

##### 6.创建一个数据库的应用实例（也就时创建一个database）

- 创建一个默认编码的格式

  - create database test01;
  - Query OK, 1 row affected (0.00 sec)表示创建成功

- 创建一个是gbk编码的实例

  - create database test02 character set gbk;
  - Query OK, 1 row affected (0.00 sec)表示创建成功

- 大小写敏感问题A=a是相等的吗？

  第一种默认字符集的方式下，大小写不敏感（utf8_general_ci）

  create database test03 character set utf8 collate（校验规则） utf8_general_ci;
  
  大小写敏感（utf8_bin）

##### 7.删除数据库

-  drop database test08；
-  drop database if exists test08

##### 8.修改数据库，改变数据库的字符集以及字符集的校验规则

- alter database test01 character set gbk;

```sql
/*以下代码大约150行左右，需要全部掌握*/
/*1.学习思路：根据提出的数据库操作需求，完成相应的数据库操作即可*/
/*2.知识点掌握：课前资料---mysql完整笔记*/
/******************************************1.操作数据库*****************************************/

/*================1.1 创建数据库================*/
create database javaweb;/*默认字符集是utf8，默认校验规则是大小写不敏感*/
create  database javaweb01 character set gbk;/*设置中文字符集*/
create database  javaweb02 character set utf8 collate utf8_bin;/*大小写敏感*/
create database javaweb03  character set utf8 collate  utf8_general_ci;/*大小写不敏感*/
/*if not exists不存在时创建，存在时不创建同时不报错误，只给一个提示*/
create database if not exists javaweb;
#获取所有数据的配置文件路径--查看文件路径
/*like是模糊查询，匹配字符
  variables是全局变量
  %%是要匹配的内容，任意一段匹配就可以*/
show variables like '%dir%';
show variables like '%con%';
/*================1.2 查看数据库================*/

select database();
show databases ;

/*================1.3 查看数据的创建语句（查看数据库的字符集）*/
show create  database javaweb03;

/*================1.4 删除数据库================*/
/*一般来说程序员拿不到root权限删除数据库的！！！*/
/*红色代表没有该数据库*/
/*drop database test01;
drop database test02;
drop database test03;*/

/*================1.5 修改数据库================*/
#修改数据库的字符集为gbk，该命令一般不使用
alter database  javaweb01 default character set utf8;
/*================1.6 选择数据库================
      在数据库服务器中不同数据库，可以存在相同名称的表，
      为了表示清楚操作的是哪一个库中的哪一张表，需要先选择数据库，在操作表。*/
use javaweb01;


/*================1.7 查看当前选择的是哪一个数据库================*/
select database();
```



#### 四、mysql的可视化工具

可视化工具：常用的工具   nevcat  sqlyog  idea内置（好处：自动保存sql文件，并且存在历史记录）

![](https://note.youdao.com/yws/api/personal/file/F72590B9C5DE4EE8A761C87CA4AE8C95?method=download&shareKey=f995a7167b9251ad7d7463ea942fbc7a)

 使用idea去做可视化：

1. 打开idea，找到view菜单里边的tools window 找到database选项
2. 点击小扳手图标（第四个），找到drivers的mysql，导入驱动包
3. 如果要连接mysql数据库需要配置基本信息

#### 五、数据库中表的操作语句

```sql

/**********************************2.表操作*****************************/
/*================2.1 创建表:表示存在于某一个database中================*/
/*特别注意：必须先选中database然后进行表的操作*/
create table user (
    id int(10),/*逗号代表的英文分隔符*/
    name varchar(20),/*代表字符串，，长度20*/
    password varchar(20),
    birthday date
);
/*================创建employee：这是一个员工表================*/
create table employee(
  id int(20),
  name varchar(5),/*可变长的字符串,比如axy字符串根据长度分配使用空间*/
  gender char(1),/*固定长度字符串，无论多长都是一样的，一般使用在有特定规律的字符串中*/
  birthday date,
  entry_date date,
  job varchar(10),
  salary double,
  resume text/*文本类型，可以存放篇幅较长的纯文本*/
);
/*================2.2  字段类型：相详细信息参照图片================
      § VARCHAR(20)
         varchar是以变长的形式来存储数据。存储时只占据数据的字符数量。
         由于存储的数据是变长， 所以再取出数据之前，先判断数据长度，再读取，效率较低。
      § CHAR(20)
         char是以定长的形式来存储数据。存储的数据都占用指定的存储空间。
         由于存储的数据是定长，所有可以直接读取固定长度的数据，效率较高。
      字符串型中存储的数据是字符。*/

/*================2.3 查看当前数据库中的表================*/
/*1.查看database中的所有得表*/
show tables ;
/*2.查看某一个表的表结构*/
desc employee;
/*================2.4 数据库中的约束================
      数据库中创建表中字段时可以使用约束来修饰。
      这个约束是要求当前字段的一种规范，一旦添加约束，
      便只能添加符合约束的数据。约束还可以叫做"键"。
================2.4.1 约束的种类================
         primary key 表示主键。
         一个字段修饰为主键之后，
         要保证当前字段不能为空，不能重复。
================2.4.2 设置主键的意义：================
            可以使查询效率更高。
         auto_increment 自动增长。
         一个int类型的字段可以被auto_increment约束来修饰。
         如果一个字段是自增约束的，则这个字段一定是主键字段。
         但是主键字段不一定会自增。
*/
/*================创建包含主键的employee表：================*/
drop table employee;
create table employee(
    id int primary key auto_increment,/*主键可以设置自增，但不一定自增*/
    name varchar(5) unique not null,/*not null 不能为空 unique不能重复*/
    gender char(1) not null,
    birthday date ,
    entry_date date,
    job varchar(10),
    salary double not null ,
    resume text
);


/*================2.5 查看表结构================*/
desc employee;
/*例如：观察任意一个数据库得表，不只是当前数据库*/
desc javaweb01.user;

/*================2.6 查看表的创建语句：================*/
show create table javaweb01.employee;
/*例如：*/
show create table javaweb01.user;

/*================2.7 修改表================*/
/*添加：
alter table table_name add column_name column_type;
修改：
alter table table_name modify column_name column_type;
删除：
alter table table_name drop column_name ;
修改表名：
rename table old_table_name to new_table_name;
修改字段名称：
alter table table_name change column_name new_column_name column_type;*/
/*================a. 练习================
在上面员工表的基本上增加一个image列。blob*/
alter table javaweb01.employee add image blob;

/*修改job列，使其长度为60。*/
alter table javaweb01.employee modify job varchar(60);

/*删除gender列。*/
alter table javaweb01.employee drop gender;
/*表名改为employee1。*/
rename table javaweb01.employee to employee1;
rename table javaweb01.employee1 to employee;
/*修改表的字符集为utf8，不常用，因为字符集默认就是utf8*/
alter table javaweb01.employee character set utf8;
/*列名name修改为username*/
alter table javaweb01.employee change name username varchar(30);
/*================2.8 删除表================
drop table table_name;*/
/*例如：*/
drop table user;
```

#### 六、sql基本语句

##### 1.MySQL常用数据类型

* 字符串型  VARCHAR、CHAR

* 大数据类型 BLOB、TEXT

* 数值型 TINYINT 、SMALLINT、INT、BIGINT、FLOAT、DOUBLE

* 逻辑型  BIT

* 日期型 DATE、TIME、DATETIME、TIMESTAMP

##### 2.数据库表记录CRUD语句

* Insert语句    (增加数据)
* Update语句  (更新数据)
* Delete语句   (删除数据)
* Select语句(查找数据)

##### 3.使用 INSERT 语句向表中插入数据

|      | **INSERT INTO**  **table****_****name** [(**column** [, **column**...])]   **VALUES** (**value** [, **value**...]); |
| ---- | ------------------------------------------------------------ |
|      |                                                              |

1. 插入的数据应与字段的数据类型相同。
2. 数据的大小应在列的规定范围内，例如：不能将一个长度为80的字符串加入到长度为40的列中。
3. 在values中列出的数据位置必须与被加入的列的排列位置相对应。
4.  ==字符和日期型数据应包含在单引号中。==
5. 插入空值：不指定或insert into table value(null)
6. 如果要插入所有字段可以省写列列表，直接按表中字段顺序写值列表

```sql

/********************************3.表数据操作*********************************/
/*CRUD:增加create 读取 read 更新 update 删除delete*/
/* ================3.1 插入数据================
      基本语句格式：
insert into table_name values(column_value,column_value.....);*/
/*• ================Insert语句练习================
            练习：使用insert语句向employee表中插入三个员工的信息。*/
/*方式一：没有指明table中的具体列，就是表示所有的列都要顺序插入*/
insert into javaweb01.employee values
 (default,'axy','1998-11-19','2019-01-01','java程序员',90000,'简介',null);
/*自增主键需要了解：当数据尝试插入数据失败时，这条记录也会使用一个自增索引，因为失败了，数据没有显示出来。*/
insert into javaweb01.employee values
(default,'axy1','1998-11-19','2019-01-01','java程序员',90000,'简介',null);
insert into javaweb01.employee values
(default,'axy2','1998-11-19','2019-01-01','java程序员',90000,'简介',null);
/*方式二：指定table中的其中一些列*/
insert into javaweb01.employee(id,username,salary) values(null,'aa',9220);
/*方式三：使用双引号时和单引号的效果一样，但是idea会报错*/
insert into javaweb01.employee(id,username,salary) values(null,"aaa",9220);
/*方式四：字段类型与插入的数据类型必须匹配，字符串是数值类型，或者数值是字符串类型时，mysql会自动匹配*/
insert into javaweb01.employee(id,username,salary) values(null,'aa',9220);
/*方式五：是字段太长时会报错*/
/*insert into javaweb01.employee(username,salary) values('1.在不写添加哪一个字段的值的情况下，书写的值要和表格中的每一个字段顺序一致。
         2.在书写某一个或几个字段名称的情况下，则只需添加指定字段的值，并按照指定的顺序添加即可。
         3.插入字符类型和日期类型的数据时，要书写在单引号或者双引号中间。(注意：要为英文的符号。)
         4.插入数据的类型要和字段类型匹配。
         5.插入数据的长度不能超过字段长度限制。',9220);*/
/*================插入数据时的注意事项：================
         1.在不写添加哪一个字段的值的情况下，书写的值要和表格中的每一个字段顺序一致。
         2.在书写某一个或几个字段名称的情况下，则只需添加指定字段的值，并按照指定的顺序添加即可。
         3.插入字符类型和日期类型的数据时，要书写在单引号或者双引号中间。(注意：要为英文的符号。)
         4.插入数据的类型要和字段类型匹配。
         5.插入数据的长度不能超过字段长度限制。
         6.如果字段为自增，则可以预留一个null值，这个字段的值会由数据库自动维护。*/
/*================3.1.1插入中文================*/
show variables like '%chara%';
insert into javaweb01.employee(id,username,salary) values(null,'中文',9220);
```

##### ==4.my sql 中文乱码==

* mysql有六处使用了字符集，分别为：client      、connection、database、results、server 、system。

* client是客户端使用的字符集。 

* connection是连接数据库的字符集设置类型，如果程序没有指明连接数据库使用的字符集类型就按照服务器端默认的字符集设置。       

* database是数据库服务器中某个库使用的字符集设定，如果建库时没有指明，将使用服务器安装时指定的字符集设置。    

* results是数据库给客户端返回时使用的字符集设定，如果没有指明，使用服务器默认的字符集。

* server是服务器安装时指定的默认字符集设定。       

* system是数据库系统使用的字符集设定。（utf-8不可修改）

  show variables like'character%';

  set names gbk;临时修改当前CMD窗口和mysql的通信编码字符集

* 通过修改my.ini 修改字符集编码

  请到mysql安装目录下面找到 my.ini文件

  修改default-character-set=utf8 为 default-character-set=gbk

  有两个地方都要改

  修改文件前，先停止mysql服务 ，等修改后再重新启动

  使用dos命令  ：net stop mysql  来停止服务   net  start mysql  来启动

##### 5.使用 update语句修改表中数据。

|      | **UPDATE**      tbl_name       **SET** col_name1=expr1 [, col_name2=expr2   ...]       [**WHERE** where_definition] |
| ---- | ------------------------------------------------------------ |
|      |                                                              |

1. UPDATE语法可以用新值更新原有表行中的各列。
2. SET子句指示要修改哪些列和要给予哪些值。
3. WHERE子句指定应更新哪些行。如没有WHERE子句，则更新所有的行。

```sql
/***********************3.1.2修改数据字符集************************************
         cmd使用gbk，mysql数据库使用utf8，两者都有中文，但是修改cmd窗口过于繁琐，所以修改数据库的字符集。
      修改方式：
         1. 使用set names gbk;语句修改。
            这种修改方式只是临时生效，只在当前窗口可以修改使用。
         2.修改mysql根目录中的my.ini文件。
            修改配置文件的57行：
            default-character-set=utf8
            改为 
            default-character-set=gbk
            重启mysql服务器。
            这种方式为永久修改，重启服务之后，会一直采用gbk字符集，永久有效。*/
/******************************************3.2.更新语句******************************************/
/*================基本语句：更新的是某一行中的列对应的值================
update table_name set column_name = value;*/
/*================update表示更新================
set表示设置一个字段的值
where表示有条件的关键字，可以在这个关键字之后添加条件内容。sql语句只会影响满足条件的行。
*/
/*================Update语句练习================
• 练习：在上面创建的employee表中修改表中的纪录。
  要求:*/
/*将所有员工薪水修改为5000元。*/
update javaweb01.employee set javaweb01.employee.salary=5000;
/*将姓名为'axy'的员工薪水修改为8000元。*/
update javaweb01.employee set employee.salary=8000 where username='axy';
/*将姓名为'aa'的员工薪水修改为6000元,job改为ccc。*/
update javaweb01.employee set javaweb01.employee.salary=6000,job='ccc' where javaweb01.employee.username='aa';
/*将'axy'的薪水在原有基础上增加1000元。*/
update javaweb01.employee set javaweb01.employee.salary=salary+1000 where username='axy';
```

##### 6.Delete语句

使用 delete语句删除表中数据。

|      | **delete from** tbl_name   [**WHERE** where_definition] |
| ---- | ------------------------------------------------------- |
|      |                                                         |

* 如果不使用where子句，将删除表中所有数据。

* Delete语句不能删除某一列的值（可使用update）

  update       table_name set 字段名='';

* 使用delete语句仅删除记录，不删除表本身。如要删除表，使用drop table语句。

  drop table       table_name;

* 同insert和update一样，从一个表中删除记录将引起其它表的参照完整性问题，在修改数据库数据时，头脑中应该始终不要忘记这个潜在的问题。

外键约束

* 删除表中数据也可使用TRUNCATE TABLE 语句，它和delete有所不同，参看mysql文档。

```sql

/*******************************3.3 删除语句*********************************/
/*================基本格式：================
delete from table_name;
delete from 表示删除

truncate关键字 表示删除。*/
/*truncate与delete删除方式的区别：
delete from删除表中的数据。
  truncate删除整张表然后再重建。
  truncate的删除效率较高，但是可能会摧毁表与表之间的关系。所以在单表中可以使用，多表关系中不要使用。
delete from 是逐条删除表中记录所以，效率较低，但是不会摧毁表，能维护表结构和表关系。适用于单表或多表的删除。
*/
/* ============a. Delete语句练习========删除表中id为2的记录。*/
delete from employee where id=4;
/*删除表中所有记录。*/
delete from employee;
/*使用truncate删除表中记录。*/
truncate javaweb01.employee;
```

##### 7.Select语句(1)

基本select语句

|      | **SELECT** [**DISTINCT**] *\|{column1, column2. column3..}**FROM**   **table**; |      |      |
| ---- | ------------------------------------------------------------ | ---- | ---- |
|      |                                                              |      |      |

1. select 指定查询哪些列的数据。
2. column指定列名。
3. *号代表查询所有列。
4. from指定查询哪张表。
5. DISTINCT可选，指显示结果时，是否剔除重复数据

```sql

/*********************************3.4 查询语句********************************/
/*==============3.4.1基本语句：===============
select * from table_name;
select 表示查询
   * 表示表格中所有的字段。
from 表示从哪一张表中查询。
select id,name from table_name;
--这种方式只显示id和name字段的值。*/
/*面试题：
  一个sql的查询效率和索引有很大关系。
  如果一个表中有索引，将会大大提升查询效率。
使用*号和书写全部字段都会使用id这个索引字段，
  只要使用索引，他们的查询效率都会很高。
如果要区分两者是效率，则书写全部字段比书写*号要更快一些。
原因是：*需要判断当前表中使用了哪些字段，
而直接书写字段名称，数据库只需要根据指定的字段名称查询即可，
  无需判断使用了哪些字段。
distinct :去重操作：
select distinct column_name from table_name;*/

/*================练习：参见课堂案例================

查询表中所有学生的信息。*/
create table exam(
                     id int primary key auto_increment,
                     name varchar(20) not null,
                     chinese double,
                     math double,
                     english double
);
insert into exam values(null,'关羽',85,76,70);
insert into exam values(null,'张飞',70,75,70);
insert into exam values(null,'张飞',80,75,70);
insert into exam values(null,'赵云',90,65,95);
insert into exam values(null,'赵云',90,65,95);
select * from exam;
/*查询表中所有学生的姓名和对应的英语成绩。*/
select name,english from exam;
/*过滤表中重复数据。distinct去重*/
select distinct name,chinese,math,english from exam;
select distinct * from exam;/*全字段去重*/
```

##### 8.Select语句(２)

在select语句中可使用表达式对查询的列进行运算

|      | **SELECT** * \|{column1｜expression,   column2｜expression，..}   **FROM**   **table**; |
| ---- | ------------------------------------------------------------ |
|      |                                                              |

在select语句中可使用as语句

SELECT column as 别名 from 表名; 

```sql

/*================3.4.2查询语句添加表达式================*/
/*使用别名：*/
/*练习
在所有学生分数上加10分特长分显示。*/
/*as别名关键字，可以写可以不写，可以写中文*/
select exam.chinese+10 as ch,math+10 as mt,exam.english+10 as 英语 from exam;
/*统计每个学生的总分。*/
select name,exam.chinese+math +exam.english as 总分 from exam;
/*使用别名表示学生总分。*/
select name,exam.chinese+math +exam.english as 总分 from exam;
```

##### 9.Select语句(3)

使用where子句，进行过滤查询。

在where子句中经常使用的运算符:

| 比较运算符 | >   <   <=   >=   =    <> | 大于、小于、大于(小于)等于、不等于                           |
| ---------- | ------------------------- | ------------------------------------------------------------ |
|            | between ...and...         | 显示在某一区间的值                                           |
|            | in(set)                   | 显示在in列表中的值，例：in(100,200)                          |
|            | like ‘张pattern’          | 模糊查询%_                                                   |
|            | is   null                 | 判断是否为空   select * from user where id is null           |
|            | ifnull(原值,替代值)       | 如果原值为null，则使用代替值   select ifnull(score,0) from exam; |
| 逻辑运算符 | and                       | 多个条件同时成立                                             |
|            | or                        | 多个条件任一成立                                             |
|            | not                       | 不成立，例：where not(salary>100);                           |

Like语句中，% 代表零个或多个任意字符，_ 代表一个字符，例first_name like ‘_a%’;

```sql
/*******************************3.4.3 有条件的查*********************************
         在查询语句之后添加where子句。
         使用where子句，进行过滤查询。练习：
查询姓名为'关羽'的学生成绩*/
/*查询英语成绩大于90分的同学*/
select * from exam where english>90;
/*查询总分大于200分的所有同学*/
select name,chinese+math+english as sum from exam where chinese+math+english>200;
/*select name, math + chinese + english as sum
from exam
where sum > 200;
--报错，错误信息：位置字段sum，无法在where条件中使用。*/
/*无法使用的原因：
  sql语句存在关键字执行顺序的问题。
  from   >   where   >    select  > order by
由于where关键字优先于select关键字执行，所以无法在where子句中使用select子句中的别名。*/
/*================练习：================
查询英语分数在 80－100之间的同学。*/
/*between..and...区间[70,95]*/
select * from exam where english between 70 and 95;
/*查询数学分数为75,86,87的同学。枚举*/
select * from exam where math in(75,86,87);
/*查询所有姓张的学生成绩。模糊查询*/
select * from exam where name like '张%';
/*查询数学分>70，语文分>80的同学。*/
select * from exam where math>70 and chinese>80 ;
/*查询数学分>70，或者语文分>80的同学。*/
select * from exam where math>70 or chinese>80;
/*查询数学不及格(60分)的同学。*/
select * from exam where math<60;
select * from exam where not math>=60;
/*查询未参加数学考试（null）的同学。*/
insert into exam values (null, '曹洋', 80, null, 60);
select * from exam where math is null ;
select name,ifnull(math,0) as math from exam where math is null ;
```

##### 10.Select语句(５)

使用order by 子句排序查询结果。

|      | **SELECT** column1, column2. column3..   **FROM**  **table**;   **order by column asc**\|**desc** |
| ---- | ------------------------------------------------------------ |
|      |                                                              |

Order by 指定排序的列，排序的列既可是表中的列名，也可以是select 语句后指定的列名。

Asc 升序（默认）、Desc 降序

ORDER BY 子句应位于SELECT语句的结尾。

```sql

/*****************************3.4.4 order by子句******************************
         order by 可以实现对查询结果排序的操作。
         基本语句：
select * from table_name order by column_name;
order by 表示排序。
         排序方式有两种：
            asc 升序(默认)  desc 降序。
         order by关键字的特点：
            order by永远书写在整个sql语句的最后。
            order by是所有关键字中最后一个执行的关键字。
         拓展：
            order by会严重影响查询效率，使查询速度变得很慢。*/
/*练习：对语文成绩排序后输出。*/
select * from exam order by chinese;/*默认是升序*/
select * from exam order by chinese asc ;/*升序*/
/*对总分排序按从高到低的顺序输出*/
select *,math+chinese+english as sum from exam order by sum desc;/*降序*/
/*对姓关的学生成绩排序输出*/
insert into exam
values (null, "关平", 80, 80, 80);
select * from exam where name like '关%' order by math;
```

##### 11.聚集函数－count

count(列名)返回某一列，行的总数

```sql
/******************************************3.5  聚集函数*****************************************
      在mysql中内置了很多的函数，这些函数可以直接获取使用。不同的函数可以实现的功能不同：例如：
      字符串函数
      时间函数
      聚集函数等...
================3.5.1 聚集函数---count 计数================
         获取满足条件的行数。
         基本语句：
select count(*)|count(column_name) from table_name;*/
/*练习：
统计一个班级共有多少学生？*/
select count(*) from exam;
select count(exam.id) from exam;
select count(1) from exam;/*1可以是任何一个数字*/

/*~拓展：*/
/*读取列表中的第一个字段的行数。*/
/*~面试题：
  count(*)和count(1)谁的效率更高？
  count(*) 和count(1)两者的执行效率相似。如果表中的字段数量较少，则两者的查询效率几乎一致。
如果表中字段数量较多，则count(1)从查询效率稍快。count(*)在计数之前需要统计有多少个字段，
这个统计的时间十分短暂，可以忽略不计。所以在字段数量较少的时候，两者的查询效率是一致的。
数据库中存在范式这个概念。范式是用来规定当前数据库建表时的规范。
这个规范规定了如何创建一个表。例如：字段中的数据含义必须独立。字段之间关联性降至最低等。
按照这些规范来创建的表，字段数量一定不会很多，所以字段数量较多这种情况，一般不会存在。所以就不会考虑count(*)统计多个字段的时间。
最终可以认为count(*)和count(1)两者的执行效率是一致的。*/
/*统计数学成绩大于90的学生有多少个？*/
select count(*) from exam where math>=80;
/*统计总分大于250的人数有多少？*/
select count(*) from exam where math+chinese+english>200;
```

##### 12.聚集函数－SUM

Sum函数返回满足where条件的行的和

```sql

/******************************3.5.2 聚集函数---sum 求和**************************
         获取某一个字段所有满足条件行的和。
         sum(chinese) where id<4
         基本语句：
select sum(column_name) from table_name;*/
/*练习：统计一个班级数学总成绩？*/
select sum(math) from exam;
/*统计一个班级语文、英语、数学各科的总成绩*/
select sum(exam.chinese),sum(exam.english),sum(exam.math) from exam;
/*统计一个班级语文、英语、数学的成绩总和*/
/*特别注意：如果分数存在null时最好添加ifnull()*/
select sum(chinese+ifnull(math,0)+english) from exam;
select sum(exam.chinese)+sum(ifnull(exam.math,0))+sum(exam.english) from exam;
/*统计一个班级语文成绩平均分*/
select sum(ifnull(exam.chinese,0))/count(1)  from exam;
/*注意：sum仅对数值起作用，否则会报错。
         注意：对多列求和，“，”号不能少。*/
```

##### 13.聚集函数－AVG

AVG函数返回满足where条件的一列的平均值

```sql 
/* 3.5.2 聚集函数---avg 求平均
    获取指定字段中满足条件行的平均值。
    基本语句：
select avg(column_name) from table_name;*/
/*练习：求一个班级数学平均分？*/
select avg(ifnull(math,0)) from exam;
/*求一个班级总分平均分？*/
/*先求和再求平均数，不需要里边求和*/
select avg(chinese+ifnull(math,0)+english) from exam;
```

##### 14.聚集函数－MAX/MIN

Max/min函数返回满足where条件的一列的最大/最小值

```sql 


/*****************************3.5.2 聚集函数－MAX/MIN*****************************
         Max/min函数返回满足where条件的一列的最大/最小值
select max(column_name),min(column_name) from table_name;*/
/*练习：求班级最高分和最低分（数值范围在统计中特别有用）*/
select max(exam.chinese),min(chinese) from exam;
/*求班级最高语文成绩的学生姓名和成绩值。*/
/*第一个查询查出最高分
  第二个查询根据最高分查询成绩单，找到那个学生*/
select * from exam where chinese=(select  max(chinese) from exam );
/*拓展：子查询：在一个查询语句中，包含另外一个查询语句，这种查询方式称之为子查询。*/
```

##### 15.Select语句(6)分组操作

```sql
/*****************************3.6 Select语句(6)分组操作****************************
         基本语句：
select column_name from table_name group by column_name;
分组子句和聚集函数经常在一起使用。如果在一起使用则表示，在分组之后，再进行每一组的聚集函数执行操作。
*/
create table orders(
                       id int,
                       product varchar(20),
                       price float
);

insert into orders(id,product,price) values(1,'电视',900);
insert into orders(id,product,price) values(2,'洗衣机',100);
insert into orders(id,product,price) values(3,'洗衣粉',90);
insert into orders(id,product,price) values(4,'桔子',9);
insert into orders(id,product,price) values(5,'洗衣粉',90);
/*练习：对订单表中商品归类后，显示每一类商品的总价.*/
select sum(price) from orders group by product;
/*• 使用having 子句 对分组结果进行过滤
练习：查询购买了几类商品，并且每类总价大于100的商品*/
select product from orders group by product having sum(price)>100;
/*• where和having区别：where在分组前进行条件过滤，having在分组后进行条件过滤。
使用where的地方都可以用having替换。但是having可以使用分组函数，而where后不可以使用。
*/
/* 外键*/
/*insert into emp
values (null, '兰姐姐', 5);/*----错误*/
/*delete
from dept
where id = 1;*/ /*---   错误。*/
```
##### 16.将查询的数据插入到表里

```sql
insert into tableName1 (colu1,colu2,colu3....) 
select (colu1,colu2,colu3....) from tableName2 
```
![](https://note.youdao.com/yws/api/personal/file/350AC1864EB449FEA26A323F4F20435D?method=download&shareKey=f9899a26a9fa0211371b856947a21225)

![](https://note.youdao.com/yws/api/personal/file/8F8BAD0BC1064963B37FE69D464FCDC1?method=download&shareKey=0a34e8360775ccaf66cca5c040ced149)

![](https://note.youdao.com/yws/api/personal/file/FAD2D6E119284D3199D9242689A38D16?method=download&shareKey=7e7b0c32a9e81e81b3d01eda7410f2c8)

#### 七、备份和恢复数据库

```sql
/*数据库的备份与恢复*/
/*1.使用可视化工具直接导出即可：数据库所有内容
    必须添加*D:/software/mysql/bin/mysqldump.exe才能正常导出/

 */

show databases ;
/*2.数据导入
  右键单击一个database--》选择run sql script-->选中需要执行的sql文件--》点击ok
  3.使用cmd命令行的方式去备份和恢复数据库（一般不会使用）
  */
/*sql dialect:sql语句的方言
  方言特指：不同的数据库厂商提供的sql语句，都有自己的一些语法格式
    比如：*/
```

#### 八、外键约束（不常用）

外键

1. 用来通知数据库表与表字段之间的对应关系,  并让数据库帮我们维护这样关系的键就叫做外键
2. 外键作用: 维护数据的完整性 一致性
3. 定义外键约束

```
foreign key(orders id) references orders(id);
```

```sql 
/*数据库的外键：只是描述一种两表之间的关系*/
/*特别注意：外键这项功能不建议使用，
  大数据量大吞吐量的表，如果有外键的话，影响执行效率
  小数据量的表，也可以不使用*/
/*员工的详细信息表*/
create table employee_info
(
    emp_id      int primary key,
    emp_name    varchar(10),
    emp_address varchar(30)
);
/*员工的基本信息表*/
drop table employee;
CREATE TABLE `employee`
(
    `id`         int(11) NOT NULL AUTO_INCREMENT,
    `username`   varchar(30) DEFAULT NULL,
    `birthday`   date        DEFAULT NULL,
    `entry_date` date        DEFAULT NULL,
    `job`        varchar(60) DEFAULT NULL,
    `salary`     double  NOT NULL,
    `resume`     text,
    `image`      blob,
    PRIMARY KEY (`id`),
    UNIQUE KEY `name` (`username`),
    foreign key (id) references employee_info (emp_id)
) ENGINE = InnoDB
  AUTO_INCREMENT = 5
  DEFAULT CHARSET = utf8;
/*操作规则:需要先维护一个表，外键不在的那一个表，在维护另一张表 外键所在id所在的表*/
insert into employee_info values (1, 'axy', '地址');
insert into employee values (1, 'axy', '1998-11-19', '2019-01-01', 'java程序员', 90000, '简介', null);
/*如果删除时先删除外键所在的表，在删除外键指向的表*/
delete from employee where id=1;
delete from employee_info where emp_id=1;
```

#### ==九、多表查询==

![](https://note.youdao.com/yws/api/personal/file/D10B713278D643149124DE0E404B0D02?method=download&shareKey=160b381c99fa66bd25c24cfc8ef79943)

```sql
/*多表的设计：表与表之间的一种关系描述
            一对一   一对多  多对多  */
/*1.一对一的案例：user基本表  user_info详细表*/
create table user
(
    id   int primary key auto_increment,
    name varchar(5)
);
insert into user values (default, '张1');
insert into user values (default, '张2');
insert into user values (default, '张3');
insert into user values (default, '张4');
create table user_info
(
    user_id int primary key,
    email   varchar(20),
    phone   varchar(15),
    address varchar(30)
);
insert into user_info values (1, '110@Qq.com', '110', '家');
insert into user_info values (2, '110@Qq.com', '120', '家');
insert into user_info values (3, '110@Qq.com', '130', '家');
insert into user_info values (4, '110@Qq.com', '140', '家');
insert into user_info values (5, '110@Qq.com', '140', '家');
insert into user_info values (6, '110@Qq.com', '140', '家');
/*一对一的数据查询，根据两张表之间的字段对应关系去查询*/
select * from user,user_info where id = user_id;
/*join：内连接查询，join左边的表与join右边的表 通过on的条件去查询
       只有当左边的表有记录且右边的表有记录时才能查出来*/
select * from user join user_info on id = user_id;
/*left join 是一个左链接，左边的表作为主表去关联右表
            无论左边中数据是否能够匹配右表左表数据都会全部显示*/
select * from user left join user_info on id = user_id;
/*right join：右链接，右边的表是主表 去关联左表*/
select * from user right join user_info on id = user_id;
/*笛卡尔积的查询：表1有m数据，表2有n条数据 匹配结果是m*n条数据
  缺点：全匹配的效果，执行效率很慢，执行结果没有意义
  注意：以后在使用多表查询时，一定要加上关联条件！！！*/
select * from user,user_info;

/*2.一对多的案例：emp表 员工表   dept部门表
                一个部门对应着多名员工*/
create table emp
(
    id      int primary key auto_increment,
    dept_id int, /*部门id*/
    name    varchar(20)
);
insert into emp values (null, 100, 'a');
insert into emp values (null, 100, 'b');
insert into emp values (null, 100, 'c');
insert into emp values (null, 100, 'd');
create table dept
(
    dept_id   int primary key auto_increment,
    dept_name varchar(20)
);
insert into dept values (100, '大数据开发部');
insert into dept values (101, '大数据运维部');
/*查询每一个员工所在的部门信息*/
select * from emp left join dept on dept.dept_id = emp.dept_id;
/*查询一个部门下有多少员工*/
select * from emp right join dept on dept.dept_id = emp.dept_id;
/*3.多对多的案例：teacher：老师的信息  student：学生的信息
                一个老师对应多个学生，一个学生对应多个老师*/
create table teacher
(
    t_id   int primary key auto_increment,
    t_name varchar(20),
    t_age  int
);
insert into teacher values (null, '曹阳', 25);
insert into teacher values (null, '曹阳1', 23);
insert into teacher values (null, '曹阳2', 26);
create table student
(
    s_id   int primary key auto_increment,
    s_name varchar(5),
    s_age  int
);
insert into student values (null, 's1', 20);
insert into student values (null, 's2', 18);
insert into student values (null, 's3', 21);
/*多对多的情形下，必须要维护的关系表*/
create table t_s
(
    t_id int,/*与老师表的id对应*/
    s_id int/*与学生表的id对应*/
);
/*一个老师有多个学生,一个学生对应多个老师*/
insert into t_s values (1, 1);
insert into t_s values (1, 2);
insert into t_s values (1, 3);
insert into t_s values (2, 1);
insert into t_s values (2, 2);
insert into t_s values (2, 3);
insert into t_s values (3, 1);
insert into t_s values (3, 2);
/*查询每一个老师对应的学生的信息
  要求：显示老师信息同时显示学生信息*/
/*步骤一：*/
select *
from teacher t
         join t_s ts on ts.t_id = t.t_id;
/*步骤二*/
select tt.*, s.s_name, s.s_age
from (select t.*, ts.s_id
      from teacher t join t_s ts on ts.t_id = t.t_id) tt
         join student s on s.s_id = tt.s_id;
/*举例：商城网站   user表   收货地址表  一个用户存在多个收货地址
     user表   订单表  一个用户可以存储多个订单*/
```





